country,asin,product_name,quantity_on_hand
BE,,(unknown),20991.0
BE,nan,Catchmaster 100i – 18x Premium Monitoring - Klebefallen - Made in USA - Gift und Biozidfrei - Mittel gegen - Kakerlaken | Heimchen | Schaben | Ohrenkneifer (6x3 Set),0.0
BE,nan,Catchmaster 288i Silberfischfalle 15 Stück| Silberfische bekämpfen | Papierfische bekämpfen | 15x Silberfische Klebefalle | Effektives Mittel gegen Silberfischchen und Papierfischchen,0.0
BE,nan,Catchmaster 288i Silberfischfalle 5 Stück,43427.764
BE,nan,Catchmaster Fliegendose Fliegenglas…,0.0
BE,nan,Catchmaster Mäuse Glue Tray,11230.555555555558
BE,nan,"Novokill Ameisenköderdose 3 Stück – Effektive Ameisenfallen & Ameisenköderdosen für Innen & Außen, Geruchlos, Made in EU – Ameisengift zur schnellen Ameisenbekämpfung - IMIDASECT Ants…",0.0
BE,nan,"Novokill Ameisenköderdose 6 Stück – Effektive Ameisenfallen & Ameisenköderdosen für Innen & Außen, Geruchlos, Made in EU – Ameisengift zur schnellen Ameisenbekämpfung - IMIDASECT Ants",0.0
BE,nan,Novokill Catchmaster Piege a Rat | 12x Piège à Rat | Piège Collante Rat | Piège à Souris et Rats | Anti Souris Efficace | Produit Anti Rat Efficace | Plaque Collante Efficace | Raticide Professionnel,0.0
BE,nan,Novokill Kick The TICK 2er Pack Vereisungsspray & Profi Zeckenzange im Zeckenentferner Set - über 80 Anwendungen | Schmerzfreie Zeckenentfernung auch bei Kindern | Zeckenmittel für Hunde & Menschen,0.0
BE,nan,Novokill RECOTIN Insektenstichheiler Gel 20ml | 1x Mückenstich Gel | Salbe gegen Juckreiz nach Mückenstichen | Stichheiler nach Insektenstichen | Afterbite Gel für die Familie,0.0
BE,nan,"Novokill RECOTIN Insektenstichheiler Pflaster 30x - Mückenpflaster - Für die Familie - Stechmücken, Bienen, Mückenstiche, Kinderpflaster",0.0
BE,nan,Novokill RECOTIN Mückenstich Roll On 15ml - 100% natürliche Wirkstoffe - 1x Insektenstichheiler Roll On - Stichheiler gegen Juckreiz nach Mückenstichen - Afterbite Gel für die Familie,0.0
BE,nan,Novokill RECOTIN Mückenstich Roll On 2x 15ml - 100% natürliche Wirkstoffe - Urlaub Must Haves - 2x Insektenstichheiler Roll On - Stichheiler gegen Juckreiz nach Mückenstichen - Reiseapotheke,0.0
DE,,(unknown),20991.0
DE,nan,Catchmaster 100i – 18x Premium Monitoring - Klebefallen - Made in USA - Gift und Biozidfrei - Mittel gegen - Kakerlaken | Heimchen | Schaben | Ohrenkneifer (6x3 Set),0.0
DE,nan,Catchmaster 288i Silberfischfalle 15 Stück| Silberfische bekämpfen | Papierfische bekämpfen | 15x Silberfische Klebefalle | Effektives Mittel gegen Silberfischchen und Papierfischchen,0.0
DE,nan,Catchmaster 288i Silberfischfalle 5 Stück,43427.764
DE,nan,Catchmaster Fliegendose Fliegenglas…,0.0
DE,nan,Catchmaster Mäuse Glue Tray,11230.555555555558
DE,nan,"Novokill Ameisenköderdose 3 Stück – Effektive Ameisenfallen & Ameisenköderdosen für Innen & Außen, Geruchlos, Made in EU – Ameisengift zur schnellen Ameisenbekämpfung - IMIDASECT Ants…",0.0
DE,nan,"Novokill Ameisenköderdose 6 Stück – Effektive Ameisenfallen & Ameisenköderdosen für Innen & Außen, Geruchlos, Made in EU – Ameisengift zur schnellen Ameisenbekämpfung - IMIDASECT Ants",0.0
DE,nan,Novokill Catchmaster Piege a Rat | 12x Piège à Rat | Piège Collante Rat | Piège à Souris et Rats | Anti Souris Efficace | Produit Anti Rat Efficace | Plaque Collante Efficace | Raticide Professionnel,0.0
DE,nan,Novokill Kick The TICK 2er Pack Vereisungsspray & Profi Zeckenzange im Zeckenentferner Set - über 80 Anwendungen | Schmerzfreie Zeckenentfernung auch bei Kindern | Zeckenmittel für Hunde & Menschen,0.0
DE,nan,Novokill RECOTIN Insektenstichheiler Gel 20ml | 1x Mückenstich Gel | Salbe gegen Juckreiz nach Mückenstichen | Stichheiler nach Insektenstichen | Afterbite Gel für die Familie,0.0
DE,nan,"Novokill RECOTIN Insektenstichheiler Pflaster 30x - Mückenpflaster - Für die Familie - Stechmücken, Bienen, Mückenstiche, Kinderpflaster",0.0
DE,nan,Novokill RECOTIN Mückenstich Roll On 15ml - 100% natürliche Wirkstoffe - 1x Insektenstichheiler Roll On - Stichheiler gegen Juckreiz nach Mückenstichen - Afterbite Gel für die Familie,0.0
DE,nan,Novokill RECOTIN Mückenstich Roll On 2x 15ml - 100% natürliche Wirkstoffe - Urlaub Must Haves - 2x Insektenstichheiler Roll On - Stichheiler gegen Juckreiz nach Mückenstichen - Reiseapotheke,0.0
ES,,(unknown),20991.0
ES,nan,Catchmaster 100i – 18x Premium Monitoring - Klebefallen - Made in USA - Gift und Biozidfrei - Mittel gegen - Kakerlaken | Heimchen | Schaben | Ohrenkneifer (6x3 Set),0.0
ES,nan,Catchmaster 288i Silberfischfalle 15 Stück| Silberfische bekämpfen | Papierfische bekämpfen | 15x Silberfische Klebefalle | Effektives Mittel gegen Silberfischchen und Papierfischchen,0.0
ES,nan,Catchmaster 288i Silberfischfalle 5 Stück,43427.764
ES,nan,Catchmaster Fliegendose Fliegenglas…,0.0
ES,nan,Catchmaster Mäuse Glue Tray,11230.555555555558
ES,nan,"Novokill Ameisenköderdose 3 Stück – Effektive Ameisenfallen & Ameisenköderdosen für Innen & Außen, Geruchlos, Made in EU – Ameisengift zur schnellen Ameisenbekämpfung - IMIDASECT Ants…",0.0
ES,nan,"Novokill Ameisenköderdose 6 Stück – Effektive Ameisenfallen & Ameisenköderdosen für Innen & Außen, Geruchlos, Made in EU – Ameisengift zur schnellen Ameisenbekämpfung - IMIDASECT Ants",0.0
ES,nan,Novokill Catchmaster Piege a Rat | 12x Piège à Rat | Piège Collante Rat | Piège à Souris et Rats | Anti Souris Efficace | Produit Anti Rat Efficace | Plaque Collante Efficace | Raticide Professionnel,0.0
ES,nan,Novokill Kick The TICK 2er Pack Vereisungsspray & Profi Zeckenzange im Zeckenentferner Set - über 80 Anwendungen | Schmerzfreie Zeckenentfernung auch bei Kindern | Zeckenmittel für Hunde & Menschen,0.0
ES,nan,Novokill RECOTIN Insektenstichheiler Gel 20ml | 1x Mückenstich Gel | Salbe gegen Juckreiz nach Mückenstichen | Stichheiler nach Insektenstichen | Afterbite Gel für die Familie,0.0
ES,nan,"Novokill RECOTIN Insektenstichheiler Pflaster 30x - Mückenpflaster - Für die Familie - Stechmücken, Bienen, Mückenstiche, Kinderpflaster",0.0
ES,nan,Novokill RECOTIN Mückenstich Roll On 15ml - 100% natürliche Wirkstoffe - 1x Insektenstichheiler Roll On - Stichheiler gegen Juckreiz nach Mückenstichen - Afterbite Gel für die Familie,0.0
ES,nan,Novokill RECOTIN Mückenstich Roll On 2x 15ml - 100% natürliche Wirkstoffe - Urlaub Must Haves - 2x Insektenstichheiler Roll On - Stichheiler gegen Juckreiz nach Mückenstichen - Reiseapotheke,0.0
FR,,(unknown),20991.0
FR,nan,Catchmaster 100i – 18x Premium Monitoring - Klebefallen - Made in USA - Gift und Biozidfrei - Mittel gegen - Kakerlaken | Heimchen | Schaben | Ohrenkneifer (6x3 Set),0.0
FR,nan,Catchmaster 288i Silberfischfalle 15 Stück| Silberfische bekämpfen | Papierfische bekämpfen | 15x Silberfische Klebefalle | Effektives Mittel gegen Silberfischchen und Papierfischchen,0.0
FR,nan,Catchmaster 288i Silberfischfalle 5 Stück,43427.764
FR,nan,Catchmaster Fliegendose Fliegenglas…,0.0
FR,nan,Catchmaster Mäuse Glue Tray,11230.555555555558
FR,nan,"Novokill Ameisenköderdose 3 Stück – Effektive Ameisenfallen & Ameisenköderdosen für Innen & Außen, Geruchlos, Made in EU – Ameisengift zur schnellen Ameisenbekämpfung - IMIDASECT Ants…",0.0
FR,nan,"Novokill Ameisenköderdose 6 Stück – Effektive Ameisenfallen & Ameisenköderdosen für Innen & Außen, Geruchlos, Made in EU – Ameisengift zur schnellen Ameisenbekämpfung - IMIDASECT Ants",0.0
FR,nan,Novokill Catchmaster Piege a Rat | 12x Piège à Rat | Piège Collante Rat | Piège à Souris et Rats | Anti Souris Efficace | Produit Anti Rat Efficace | Plaque Collante Efficace | Raticide Professionnel,0.0
FR,nan,Novokill Kick The TICK 2er Pack Vereisungsspray & Profi Zeckenzange im Zeckenentferner Set - über 80 Anwendungen | Schmerzfreie Zeckenentfernung auch bei Kindern | Zeckenmittel für Hunde & Menschen,0.0
FR,nan,Novokill RECOTIN Insektenstichheiler Gel 20ml | 1x Mückenstich Gel | Salbe gegen Juckreiz nach Mückenstichen | Stichheiler nach Insektenstichen | Afterbite Gel für die Familie,0.0
FR,nan,"Novokill RECOTIN Insektenstichheiler Pflaster 30x - Mückenpflaster - Für die Familie - Stechmücken, Bienen, Mückenstiche, Kinderpflaster",0.0
FR,nan,Novokill RECOTIN Mückenstich Roll On 15ml - 100% natürliche Wirkstoffe - 1x Insektenstichheiler Roll On - Stichheiler gegen Juckreiz nach Mückenstichen - Afterbite Gel für die Familie,0.0
FR,nan,Novokill RECOTIN Mückenstich Roll On 2x 15ml - 100% natürliche Wirkstoffe - Urlaub Must Haves - 2x Insektenstichheiler Roll On - Stichheiler gegen Juckreiz nach Mückenstichen - Reiseapotheke,0.0
IT,,(unknown),20991.0
IT,nan,Catchmaster 100i – 18x Premium Monitoring - Klebefallen - Made in USA - Gift und Biozidfrei - Mittel gegen - Kakerlaken | Heimchen | Schaben | Ohrenkneifer (6x3 Set),0.0
IT,nan,Catchmaster 288i Silberfischfalle 15 Stück| Silberfische bekämpfen | Papierfische bekämpfen | 15x Silberfische Klebefalle | Effektives Mittel gegen Silberfischchen und Papierfischchen,0.0
IT,nan,Catchmaster 288i Silberfischfalle 5 Stück,43427.764
IT,nan,Catchmaster Fliegendose Fliegenglas…,0.0
IT,nan,Catchmaster Mäuse Glue Tray,11230.555555555558
IT,nan,"Novokill Ameisenköderdose 3 Stück – Effektive Ameisenfallen & Ameisenköderdosen für Innen & Außen, Geruchlos, Made in EU – Ameisengift zur schnellen Ameisenbekämpfung - IMIDASECT Ants…",0.0
IT,nan,"Novokill Ameisenköderdose 6 Stück – Effektive Ameisenfallen & Ameisenköderdosen für Innen & Außen, Geruchlos, Made in EU – Ameisengift zur schnellen Ameisenbekämpfung - IMIDASECT Ants",0.0
IT,nan,Novokill Catchmaster Piege a Rat | 12x Piège à Rat | Piège Collante Rat | Piège à Souris et Rats | Anti Souris Efficace | Produit Anti Rat Efficace | Plaque Collante Efficace | Raticide Professionnel,0.0
IT,nan,Novokill Kick The TICK 2er Pack Vereisungsspray & Profi Zeckenzange im Zeckenentferner Set - über 80 Anwendungen | Schmerzfreie Zeckenentfernung auch bei Kindern | Zeckenmittel für Hunde & Menschen,0.0
IT,nan,Novokill RECOTIN Insektenstichheiler Gel 20ml | 1x Mückenstich Gel | Salbe gegen Juckreiz nach Mückenstichen | Stichheiler nach Insektenstichen | Afterbite Gel für die Familie,0.0
IT,nan,"Novokill RECOTIN Insektenstichheiler Pflaster 30x - Mückenpflaster - Für die Familie - Stechmücken, Bienen, Mückenstiche, Kinderpflaster",0.0
IT,nan,Novokill RECOTIN Mückenstich Roll On 15ml - 100% natürliche Wirkstoffe - 1x Insektenstichheiler Roll On - Stichheiler gegen Juckreiz nach Mückenstichen - Afterbite Gel für die Familie,0.0
IT,nan,Novokill RECOTIN Mückenstich Roll On 2x 15ml - 100% natürliche Wirkstoffe - Urlaub Must Haves - 2x Insektenstichheiler Roll On - Stichheiler gegen Juckreiz nach Mückenstichen - Reiseapotheke,0.0
NL,,(unknown),20991.0
NL,nan,Catchmaster 100i – 18x Premium Monitoring - Klebefallen - Made in USA - Gift und Biozidfrei - Mittel gegen - Kakerlaken | Heimchen | Schaben | Ohrenkneifer (6x3 Set),0.0
NL,nan,Catchmaster 288i Silberfischfalle 15 Stück| Silberfische bekämpfen | Papierfische bekämpfen | 15x Silberfische Klebefalle | Effektives Mittel gegen Silberfischchen und Papierfischchen,0.0
NL,nan,Catchmaster 288i Silberfischfalle 5 Stück,43427.764
NL,nan,Catchmaster Fliegendose Fliegenglas…,0.0
NL,nan,Catchmaster Mäuse Glue Tray,11230.555555555558
NL,nan,"Novokill Ameisenköderdose 3 Stück – Effektive Ameisenfallen & Ameisenköderdosen für Innen & Außen, Geruchlos, Made in EU – Ameisengift zur schnellen Ameisenbekämpfung - IMIDASECT Ants…",0.0
NL,nan,"Novokill Ameisenköderdose 6 Stück – Effektive Ameisenfallen & Ameisenköderdosen für Innen & Außen, Geruchlos, Made in EU – Ameisengift zur schnellen Ameisenbekämpfung - IMIDASECT Ants",0.0
NL,nan,Novokill Catchmaster Piege a Rat | 12x Piège à Rat | Piège Collante Rat | Piège à Souris et Rats | Anti Souris Efficace | Produit Anti Rat Efficace | Plaque Collante Efficace | Raticide Professionnel,0.0
NL,nan,Novokill Kick The TICK 2er Pack Vereisungsspray & Profi Zeckenzange im Zeckenentferner Set - über 80 Anwendungen | Schmerzfreie Zeckenentfernung auch bei Kindern | Zeckenmittel für Hunde & Menschen,0.0
NL,nan,Novokill RECOTIN Insektenstichheiler Gel 20ml | 1x Mückenstich Gel | Salbe gegen Juckreiz nach Mückenstichen | Stichheiler nach Insektenstichen | Afterbite Gel für die Familie,0.0
NL,nan,"Novokill RECOTIN Insektenstichheiler Pflaster 30x - Mückenpflaster - Für die Familie - Stechmücken, Bienen, Mückenstiche, Kinderpflaster",0.0
NL,nan,Novokill RECOTIN Mückenstich Roll On 15ml - 100% natürliche Wirkstoffe - 1x Insektenstichheiler Roll On - Stichheiler gegen Juckreiz nach Mückenstichen - Afterbite Gel für die Familie,0.0
NL,nan,Novokill RECOTIN Mückenstich Roll On 2x 15ml - 100% natürliche Wirkstoffe - Urlaub Must Haves - 2x Insektenstichheiler Roll On - Stichheiler gegen Juckreiz nach Mückenstichen - Reiseapotheke,0.0
PL,,(unknown),20991.0
PL,nan,Catchmaster 100i – 18x Premium Monitoring - Klebefallen - Made in USA - Gift und Biozidfrei - Mittel gegen - Kakerlaken | Heimchen | Schaben | Ohrenkneifer (6x3 Set),0.0
PL,nan,Catchmaster 288i Silberfischfalle 15 Stück| Silberfische bekämpfen | Papierfische bekämpfen | 15x Silberfische Klebefalle | Effektives Mittel gegen Silberfischchen und Papierfischchen,0.0
PL,nan,Catchmaster 288i Silberfischfalle 5 Stück,43427.764
PL,nan,Catchmaster Fliegendose Fliegenglas…,0.0
PL,nan,Catchmaster Mäuse Glue Tray,11230.555555555558
PL,nan,"Novokill Ameisenköderdose 3 Stück – Effektive Ameisenfallen & Ameisenköderdosen für Innen & Außen, Geruchlos, Made in EU – Ameisengift zur schnellen Ameisenbekämpfung - IMIDASECT Ants…",0.0
PL,nan,"Novokill Ameisenköderdose 6 Stück – Effektive Ameisenfallen & Ameisenköderdosen für Innen & Außen, Geruchlos, Made in EU – Ameisengift zur schnellen Ameisenbekämpfung - IMIDASECT Ants",0.0
PL,nan,Novokill Catchmaster Piege a Rat | 12x Piège à Rat | Piège Collante Rat | Piège à Souris et Rats | Anti Souris Efficace | Produit Anti Rat Efficace | Plaque Collante Efficace | Raticide Professionnel,0.0
PL,nan,Novokill Kick The TICK 2er Pack Vereisungsspray & Profi Zeckenzange im Zeckenentferner Set - über 80 Anwendungen | Schmerzfreie Zeckenentfernung auch bei Kindern | Zeckenmittel für Hunde & Menschen,0.0
PL,nan,Novokill RECOTIN Insektenstichheiler Gel 20ml | 1x Mückenstich Gel | Salbe gegen Juckreiz nach Mückenstichen | Stichheiler nach Insektenstichen | Afterbite Gel für die Familie,0.0
PL,nan,"Novokill RECOTIN Insektenstichheiler Pflaster 30x - Mückenpflaster - Für die Familie - Stechmücken, Bienen, Mückenstiche, Kinderpflaster",0.0
PL,nan,Novokill RECOTIN Mückenstich Roll On 15ml - 100% natürliche Wirkstoffe - 1x Insektenstichheiler Roll On - Stichheiler gegen Juckreiz nach Mückenstichen - Afterbite Gel für die Familie,0.0
PL,nan,Novokill RECOTIN Mückenstich Roll On 2x 15ml - 100% natürliche Wirkstoffe - Urlaub Must Haves - 2x Insektenstichheiler Roll On - Stichheiler gegen Juckreiz nach Mückenstichen - Reiseapotheke,0.0
SE,,(unknown),20991.0
SE,nan,Catchmaster 100i – 18x Premium Monitoring - Klebefallen - Made in USA - Gift und Biozidfrei - Mittel gegen - Kakerlaken | Heimchen | Schaben | Ohrenkneifer (6x3 Set),0.0
SE,nan,Catchmaster 288i Silberfischfalle 15 Stück| Silberfische bekämpfen | Papierfische bekämpfen | 15x Silberfische Klebefalle | Effektives Mittel gegen Silberfischchen und Papierfischchen,0.0
SE,nan,Catchmaster 288i Silberfischfalle 5 Stück,43427.764
SE,nan,Catchmaster Fliegendose Fliegenglas…,0.0
SE,nan,Catchmaster Mäuse Glue Tray,11230.555555555558
SE,nan,"Novokill Ameisenköderdose 3 Stück – Effektive Ameisenfallen & Ameisenköderdosen für Innen & Außen, Geruchlos, Made in EU – Ameisengift zur schnellen Ameisenbekämpfung - IMIDASECT Ants…",0.0
SE,nan,"Novokill Ameisenköderdose 6 Stück – Effektive Ameisenfallen & Ameisenköderdosen für Innen & Außen, Geruchlos, Made in EU – Ameisengift zur schnellen Ameisenbekämpfung - IMIDASECT Ants",0.0
SE,nan,Novokill Catchmaster Piege a Rat | 12x Piège à Rat | Piège Collante Rat | Piège à Souris et Rats | Anti Souris Efficace | Produit Anti Rat Efficace | Plaque Collante Efficace | Raticide Professionnel,0.0
SE,nan,Novokill Kick The TICK 2er Pack Vereisungsspray & Profi Zeckenzange im Zeckenentferner Set - über 80 Anwendungen | Schmerzfreie Zeckenentfernung auch bei Kindern | Zeckenmittel für Hunde & Menschen,0.0
SE,nan,Novokill RECOTIN Insektenstichheiler Gel 20ml | 1x Mückenstich Gel | Salbe gegen Juckreiz nach Mückenstichen | Stichheiler nach Insektenstichen | Afterbite Gel für die Familie,0.0
SE,nan,"Novokill RECOTIN Insektenstichheiler Pflaster 30x - Mückenpflaster - Für die Familie - Stechmücken, Bienen, Mückenstiche, Kinderpflaster",0.0
SE,nan,Novokill RECOTIN Mückenstich Roll On 15ml - 100% natürliche Wirkstoffe - 1x Insektenstichheiler Roll On - Stichheiler gegen Juckreiz nach Mückenstichen - Afterbite Gel für die Familie,0.0
SE,nan,Novokill RECOTIN Mückenstich Roll On 2x 15ml - 100% natürliche Wirkstoffe - Urlaub Must Haves - 2x Insektenstichheiler Roll On - Stichheiler gegen Juckreiz nach Mückenstichen - Reiseapotheke,0.0
